{"_timestamp":1.7774451908312283e+09,"_step":306,"train/loss":2.1382579803466797,"train/recon_loss":1.9438709020614624,"_wandb":{"runtime":738},"_runtime":738,"train/lr":0.0001,"global_step":6120}